City_ID,City,Country,Lat,Lng,Max Temp,Humidity,Cloudiness,Wind Speed,Weather Description
0,Longyearbyen,SJ,78.2186,15.6401,42.64,87,20,13.8,few clouds
1,Cape Town,ZA,-33.9258,18.4232,57.88,89,100,5.99,heavy intensity rain
2,Vengerovo,RU,55.6848,76.7471,62.49,92,100,7.38,light rain
3,Ust-Tsilma,RU,65.441,52.1498,46.24,91,93,4.59,overcast clouds
4,Hobart,AU,-42.8794,147.3294,42.66,87,12,3.0,few clouds
5,Maracacume,BR,-2.0428,-45.9592,84.36,66,92,2.3,overcast clouds
6,Calama,CL,-22.4667,-68.9333,68.2,7,59,17.87,broken clouds
7,Tasiilaq,GL,65.6145,-37.6368,44.76,96,100,17.2,moderate rain
8,Cabo San Lucas,MX,22.8909,-109.9124,95.5,67,40,11.5,scattered clouds
9,Brokopondo,SR,4.75,-55.1667,88.14,57,100,2.28,overcast clouds
10,Lianyuan,CN,27.6883,111.6642,80.6,87,100,1.54,overcast clouds
11,Chokurdakh,RU,70.6333,147.9167,53.17,68,37,8.21,scattered clouds
12,Mnogovershinnyy,RU,53.9353,139.9242,42.58,92,71,2.64,broken clouds
13,Atuona,PF,-9.8,-139.0333,77.32,80,26,19.55,light rain
14,Muros,ES,42.7762,-9.0603,67.14,70,100,10.27,overcast clouds
15,Hithadhoo,MV,-0.6,73.0833,81.63,75,100,5.55,overcast clouds
16,Bangangte,CM,5.1409,10.5198,61.77,99,100,3.89,light rain
17,Idar,DE,49.7167,7.3,61.48,68,9,3.0,clear sky
18,Hermanus,ZA,-34.4187,19.2345,58.8,89,100,20.62,moderate rain
19,Pasuquin,PH,18.3328,120.6177,80.17,83,100,9.57,heavy intensity rain
20,Ushuaia,AR,-54.8,-68.3,42.46,61,40,9.22,scattered clouds
21,Mahanje,TZ,-9.9333,35.3333,60.22,54,0,2.17,clear sky
22,Kailua,US,21.4022,-157.7394,82.38,67,40,12.66,scattered clouds
23,Albany,US,42.6001,-73.9662,88.03,56,17,3.71,few clouds
24,Kirakira,SB,-10.4544,161.9205,77.0,85,48,6.13,scattered clouds
25,Phangnga,TH,8.4509,98.5298,80.64,94,73,2.39,broken clouds
26,Yulara,AU,-25.2406,130.9889,39.04,48,0,6.91,clear sky
27,Bethel,US,41.3712,-73.414,84.47,72,1,8.05,light rain
28,Bambanglipuro,ID,-7.95,110.2833,75.18,89,10,3.22,clear sky
29,Hamilton,US,39.1834,-84.5333,91.89,54,20,1.01,few clouds
30,Kapaa,US,22.0752,-159.319,82.38,75,75,1.01,moderate rain
31,Busselton,AU,-33.65,115.3333,53.1,78,100,24.29,overcast clouds
32,Pangody,RU,65.85,74.4859,57.63,85,4,12.15,clear sky
33,Kaitangata,NZ,-46.2817,169.8464,37.31,88,98,9.6,overcast clouds
34,Mohelnice,CZ,49.777,16.9195,68.58,67,100,5.97,light rain
35,Mount Gambier,AU,-37.8333,140.7667,43.3,81,100,7.49,overcast clouds
36,Yangambi,CD,0.8102,24.4336,71.13,82,24,0.94,few clouds
37,Mataura,NZ,-46.1927,168.8643,35.47,99,92,3.33,overcast clouds
38,Kloulklubed,PW,7.0419,134.2556,82.29,76,100,15.52,overcast clouds
39,Pochutla,MX,15.7432,-96.4661,87.82,65,87,9.17,overcast clouds
40,Puerto Ayora,EC,-0.7393,-90.3518,73.36,85,64,8.01,broken clouds
41,Rokytne,UA,51.2796,27.214,68.05,70,12,3.51,few clouds
42,Kapit,MY,2.0167,112.9333,74.53,97,99,0.38,light rain
43,Souillac,MU,-20.5167,57.5167,69.37,92,100,17.54,moderate rain
44,Roald,NO,62.5833,6.1333,67.15,88,0,9.22,clear sky
45,Luderitz,NA,-26.6481,15.1594,56.23,85,71,6.24,broken clouds
46,Yumen,CN,40.2833,97.2,72.54,21,0,9.71,clear sky
47,Klaksvik,FO,62.2266,-6.589,52.72,93,100,6.89,overcast clouds
48,Barrow,US,71.2906,-156.7887,39.22,92,90,11.5,overcast clouds
49,Burnie,AU,-41.0667,145.9167,47.91,89,100,1.43,overcast clouds
50,Jamestown,US,42.097,-79.2353,84.02,60,1,5.99,clear sky
51,Bonavista,CA,48.6499,-53.1147,60.12,88,98,21.21,light rain
52,Naron,ES,43.5167,-8.1528,67.68,74,100,3.69,overcast clouds
53,Kaili,ID,-3.4626,120.2147,65.17,96,99,2.89,overcast clouds
54,Cherskiy,RU,68.75,161.3,53.13,45,22,1.1,few clouds
55,Rikitea,PF,-23.1203,-134.9692,74.19,75,2,11.81,clear sky
56,Grindavik,IS,63.8424,-22.4338,60.57,77,0,14.97,clear sky
57,Port Alfred,ZA,-33.5906,26.891,62.64,80,100,19.71,overcast clouds
58,Bafra,TR,41.5678,35.9069,74.98,81,93,13.0,overcast clouds
59,Yaan,NG,7.3833,8.5667,72.91,91,95,8.81,overcast clouds
60,Nuuk,GL,64.1835,-51.7216,47.01,81,75,6.91,broken clouds
61,Viedma,AR,-40.8135,-62.9967,53.44,37,84,16.96,broken clouds
62,Castro,BR,-24.7911,-50.0119,65.37,63,99,3.67,overcast clouds
63,Waipawa,NZ,-41.4122,175.5153,43.43,59,100,26.35,overcast clouds
64,Banjar,ID,-8.19,114.9675,76.86,87,95,3.2,overcast clouds
65,Bugene,TZ,-1.5911,31.1403,65.12,53,9,3.67,clear sky
66,Canala,NC,-21.5333,165.95,59.49,71,7,7.38,clear sky
67,Saskylakh,RU,71.9167,114.0833,60.21,56,100,7.74,overcast clouds
68,Galle,LK,6.0367,80.217,77.95,88,89,10.74,overcast clouds
69,Pisco,PE,-13.7,-76.2167,64.45,72,90,11.5,overcast clouds
70,Margate,GB,51.3813,1.3862,64.9,74,12,4.0,few clouds
71,Pevek,RU,69.7008,170.3133,37.27,83,16,9.08,few clouds
72,Abu Kamal,SY,34.4506,40.9171,93.33,20,0,9.15,clear sky
73,Badvel,IN,14.75,79.05,89.15,54,88,4.03,overcast clouds
74,Ramsar,IR,36.9226,50.6426,81.84,83,0,2.3,clear sky
75,Shimanovsk,RU,52.0,127.7,51.03,92,100,6.64,overcast clouds
76,Trincomalee,LK,8.5711,81.2335,80.82,76,100,19.69,overcast clouds
77,Kenai,US,60.5544,-151.2583,54.03,93,90,16.11,moderate rain
78,Berlevag,NO,70.8578,29.0864,64.4,67,0,6.91,clear sky
79,Kota Belud,MY,6.351,116.4305,78.66,88,100,3.56,overcast clouds
80,Kodiak,US,57.79,-152.4072,60.31,72,75,4.61,light rain
81,East London,ZA,-33.0153,27.9116,71.51,35,100,19.04,overcast clouds
82,Victoria,HK,22.2855,114.1577,85.32,91,100,10.09,light rain
83,Upata,VE,8.0086,-62.3989,80.1,81,100,1.99,overcast clouds
84,Korostyshiv,UA,50.3172,29.0563,67.23,67,11,0.58,few clouds
85,Akyab,MM,20.15,92.9,81.18,85,100,3.02,overcast clouds
86,Lydenburg,ZA,-25.0978,30.4597,54.39,45,2,1.57,clear sky
87,Ciro Marina,IT,39.3732,17.126,81.1,72,0,11.01,clear sky
88,Nampula,MZ,-15.1165,39.2666,63.3,71,0,4.32,clear sky
89,Saint George,US,37.1041,-113.5841,102.67,15,1,1.99,clear sky
90,Fortuna,US,40.5982,-124.1573,64.65,94,90,8.05,overcast clouds
91,Sitka,US,57.0531,-135.33,60.69,72,90,4.61,overcast clouds
92,Hilo,US,19.7297,-155.09,78.53,74,90,8.05,overcast clouds
93,Zonguldak,TR,41.25,31.8333,64.89,91,100,0.54,overcast clouds
94,Bluff,NZ,-46.6,168.3333,35.8,63,79,13.94,broken clouds
95,Wairoa,NZ,-39.0333,177.3667,43.56,95,100,18.99,light rain
96,Padang,ID,-0.9492,100.3543,78.31,86,70,2.8,light rain
97,Chkalovsk,RU,56.7647,43.2433,78.39,61,100,7.72,light rain
98,Biak,ID,-0.9131,122.8766,74.48,87,100,5.61,overcast clouds
99,Saint-Philippe,RE,-21.3585,55.7679,69.35,84,18,6.42,light rain
100,Tuktoyaktuk,CA,69.4541,-133.0374,44.08,78,100,11.27,overcast clouds
101,Kavieng,PG,-2.5744,150.7967,81.12,76,98,10.07,overcast clouds
102,Birjand,IR,32.8663,59.2211,77.47,13,0,6.91,clear sky
103,Bredasdorp,ZA,-34.5322,20.0403,58.28,65,100,15.46,overcast clouds
104,Georgetown,MY,5.4112,100.3354,81.9,81,20,1.01,few clouds
105,Agbor,NG,6.2518,6.1934,72.41,97,100,6.76,light rain
106,Lompoc,US,34.6391,-120.4579,88.02,70,1,12.66,clear sky
107,Husavik,IS,66.0449,-17.3389,56.28,85,45,7.47,scattered clouds
108,Punta Arenas,CL,-53.15,-70.9167,42.91,70,75,13.8,broken clouds
109,Hammerfest,NO,70.6634,23.6821,70.25,43,0,11.5,clear sky
110,Peniche,PT,39.3558,-9.3811,71.08,77,0,15.73,clear sky
111,Mar Del Plata,AR,-38.0023,-57.5575,50.02,71,0,6.91,light rain
112,Gravdal,NO,68.1214,13.5031,62.49,72,75,17.27,light intensity shower rain
113,Svetlogorsk,BY,52.6333,29.7333,67.14,63,11,3.38,few clouds
114,Zhangye,CN,38.9342,100.4517,70.47,33,0,4.76,clear sky
115,Bambous Virieux,MU,-20.3428,57.7575,69.22,88,100,21.56,light rain
116,Iglesias,IT,39.3114,8.535,79.63,54,100,1.41,overcast clouds
117,Esperance,AU,-33.8667,121.9,58.28,80,3,14.2,clear sky
118,Aquiraz,BR,-3.9014,-38.3911,84.29,65,5,14.34,clear sky
119,Talara,PE,-4.5772,-81.2719,75.96,60,0,17.27,clear sky
120,Ayagoz,KZ,47.9714,80.4392,69.03,45,100,8.12,overcast clouds
121,Trapani,IT,37.8333,12.6667,85.53,69,17,4.56,few clouds
122,Nikolskoye,RU,59.7035,30.7861,66.09,94,100,4.47,overcast clouds
123,Forest Hills,US,42.9595,-85.4898,89.37,70,90,9.22,overcast clouds
124,Klyuchi,RU,52.2667,79.1667,65.37,76,100,8.59,light rain
125,Dwarka,IN,22.2394,68.9678,81.73,74,84,12.64,broken clouds
126,Provideniya,RU,64.3833,-173.3,46.51,76,90,8.95,overcast clouds
127,Glace Bay,CA,46.1969,-59.957,73.78,85,100,4.0,overcast clouds
128,Sinnar,SD,13.5691,33.5672,76.46,80,100,6.98,overcast clouds
129,Arraial Do Cabo,BR,-22.9661,-42.0278,73.26,68,20,23.02,few clouds
130,Beaufort,MY,5.3473,115.7455,75.96,89,100,2.35,overcast clouds
131,Avarua,CK,-21.2078,-159.775,73.45,78,90,2.3,overcast clouds
132,Chuy,UY,-33.6971,-53.4616,69.89,70,100,1.83,overcast clouds
133,Flin Flon,CA,54.7682,-101.865,60.37,92,100,5.84,overcast clouds
134,Tautira,PF,-17.7333,-149.15,80.62,76,40,9.51,scattered clouds
135,Walvis Bay,NA,-22.9575,14.5053,57.09,80,29,11.72,scattered clouds
136,Itimadpur,IN,27.25,78.2,85.59,76,100,6.55,light rain
137,Qaanaaq,GL,77.484,-69.3632,39.88,64,23,2.86,few clouds
138,Dikson,RU,73.5069,80.5464,46.08,79,0,5.19,clear sky
139,Strezhevoy,RU,60.7333,77.5889,64.38,69,100,4.92,overcast clouds
140,Olinda,BR,-8.0089,-34.8553,78.53,78,75,13.8,broken clouds
141,Grand Gaube,MU,-20.0064,57.6608,69.39,90,100,5.01,light rain
142,Kingston,JM,17.997,-76.7936,88.75,69,40,4.0,scattered clouds
143,Vardo,NO,70.3705,31.1107,59.2,72,0,13.8,clear sky
144,Itamaraca,BR,-7.7478,-34.8256,81.28,75,34,12.59,scattered clouds
145,Huzhou,CN,30.8703,120.0933,76.33,88,100,3.8,overcast clouds
146,Khatanga,RU,71.9667,102.5,54.37,61,100,13.06,overcast clouds
147,Harer,ET,9.3094,42.1258,62.67,76,27,2.1,light rain
148,Lebu,CL,-37.6167,-73.65,50.11,66,11,9.17,few clouds
149,Kahului,US,20.8947,-156.47,82.42,63,20,13.8,few clouds
150,Pimentel,PE,-6.8367,-79.9342,71.89,75,0,8.01,clear sky
151,Aleksandrov Gay,RU,50.147,48.5704,85.03,27,99,14.58,overcast clouds
152,Coruripe,BR,-10.1256,-36.1756,75.72,71,49,9.78,scattered clouds
153,Roma,US,43.2128,-75.4557,87.12,69,40,0.0,scattered clouds
154,Carnarvon,AU,-24.8667,113.6333,59.07,81,1,4.61,clear sky
155,Aykhal,RU,66.0,111.5,48.13,84,1,4.07,clear sky
156,Thinadhoo,MV,0.5333,72.9333,81.75,74,98,4.92,overcast clouds
157,Telde,ES,27.9924,-15.4192,77.22,53,20,21.85,few clouds
158,Vanimo,PG,-2.6741,141.3028,75.9,90,98,5.46,light rain
159,Sorong,ID,-0.8833,131.25,77.22,87,100,5.14,overcast clouds
160,Charlestown,AU,-32.95,151.6667,56.73,82,100,1.99,overcast clouds
161,Albion,US,42.2431,-84.753,87.98,68,40,11.5,scattered clouds
162,Kirundo,BI,-2.5833,30.1667,77.77,48,70,3.83,broken clouds
163,Vao,NC,-22.6667,167.4833,67.48,59,38,17.92,scattered clouds
164,Kodinsk,RU,58.6881,99.1844,59.49,64,98,3.76,overcast clouds
165,Opuwo,NA,-18.0607,13.84,67.37,17,7,5.59,clear sky
166,San Ramon,US,37.7799,-121.978,88.32,49,1,8.99,smoke
167,Jinchang,CN,38.4953,102.1739,73.8,22,28,4.99,scattered clouds
168,Ilulissat,GL,69.2167,-51.1,44.62,93,75,8.05,light intensity drizzle
169,Moindou,NC,-21.6924,165.677,60.75,60,84,12.53,broken clouds
170,Karaj,IR,35.8355,51.0103,88.32,16,40,4.61,scattered clouds
171,Mahebourg,MU,-20.4081,57.7,69.26,88,100,21.45,moderate rain
172,Port Elizabeth,ZA,-33.918,25.5701,59.09,80,100,11.81,overcast clouds
173,Bilma,NE,18.6853,12.9164,98.51,24,11,6.35,few clouds
174,Cidreira,BR,-30.1811,-50.2056,65.05,77,1,9.46,clear sky
175,Plettenberg Bay,ZA,-34.0527,23.3716,56.66,78,100,2.64,overcast clouds
176,Iqaluit,CA,63.7506,-68.5145,41.58,94,100,4.83,light rain
177,Parana,AR,-31.732,-60.5238,75.51,55,82,6.85,broken clouds
178,Nyimba,ZM,-14.5566,30.8149,70.45,29,0,11.36,clear sky
179,Salamanca,ES,40.8333,-6.0,77.0,20,0,7.2,clear sky
180,Kinshasa,CD,-4.3246,15.3215,79.7,44,4,5.28,clear sky
181,Umm Lajj,SA,25.0213,37.2685,92.68,43,0,1.16,clear sky
182,Caucaia,BR,-3.7361,-38.6531,84.15,69,75,17.27,broken clouds
183,Billings,US,45.7833,-108.5007,100.36,17,20,14.97,few clouds
184,Ust-Uda,RU,54.1742,103.0304,51.85,59,41,2.51,scattered clouds
185,Middelburg,ZA,-25.7751,29.4648,56.79,34,0,5.97,clear sky
186,Ponta Do Sol,PT,32.6667,-17.1,75.0,79,45,3.11,scattered clouds
187,Zhigansk,RU,66.7697,123.3711,58.71,39,26,9.53,scattered clouds
188,Ulagan,RU,50.6321,87.9563,52.97,83,56,1.5,broken clouds
189,Tuatapere,NZ,-46.1333,167.6833,35.82,85,100,5.95,overcast clouds
190,Nabire,ID,-3.3667,135.4833,74.59,93,91,4.43,overcast clouds
191,Nanortalik,GL,60.1432,-45.2371,44.37,84,27,14.36,scattered clouds
192,Moyale,KE,3.5167,39.0584,71.28,49,18,5.86,few clouds
193,Geraldton,AU,-28.7667,114.6,64.81,32,75,10.36,broken clouds
194,Labuhan,ID,-6.8844,112.2051,78.13,88,43,8.25,scattered clouds
195,Iskateley,RU,67.6803,53.1512,45.79,93,6,5.79,clear sky
196,Saint-Augustin,CA,51.226,-58.6502,68.95,35,9,3.89,clear sky
197,Asyut,EG,27.181,31.1837,93.78,17,0,9.51,clear sky
198,Sakaiminato,JP,35.55,133.2333,78.03,96,100,34.49,moderate rain
199,Santa Teresa,VE,10.2341,-66.6631,91.42,32,33,3.0,scattered clouds
200,Vaini,TO,-21.2,-175.2,60.96,100,75,0.0,broken clouds
201,Torbay,CA,47.6666,-52.7314,71.89,84,97,5.01,overcast clouds
202,Ciudad Bolivar,VE,8.1222,-63.5497,88.12,58,86,3.62,overcast clouds
203,Harper,LR,4.375,-7.7169,77.04,82,28,11.74,scattered clouds
204,Norman Wells,CA,65.282,-126.8329,51.78,60,100,7.54,overcast clouds
205,Celestun,MX,20.8667,-90.4,88.74,61,7,13.18,clear sky
206,Arlit,NE,18.7369,7.3853,95.9,23,100,18.59,overcast clouds
207,Halifax,CA,44.6453,-63.5724,76.68,78,100,4.0,overcast clouds
208,Ust-Omchug,RU,61.15,149.6333,47.21,80,1,2.91,clear sky
209,Caranavi,BO,-15.8167,-67.55,80.92,36,0,4.81,clear sky
210,Ornskoldsvik,SE,63.2909,18.7153,62.42,100,90,8.05,overcast clouds
211,Betong,TH,5.7743,101.0723,71.58,98,38,1.36,scattered clouds
212,Oranjemund,NA,-28.55,16.4333,58.5,71,100,9.53,overcast clouds
213,Marawi,PH,7.9986,124.2928,66.65,92,100,1.81,overcast clouds
214,Yiyang,CN,28.5892,112.3283,79.36,94,100,4.07,overcast clouds
215,Poso,ID,-1.3959,120.7524,76.46,88,94,4.27,overcast clouds
216,Calvinia,ZA,-31.4707,19.776,47.23,80,100,19.22,overcast clouds
217,Macapa,BR,0.0389,-51.0664,94.98,52,40,10.36,scattered clouds
218,Upernavik,GL,72.7868,-56.1549,42.19,85,100,5.61,overcast clouds
219,Coquimbo,CL,-29.9533,-71.3436,58.73,67,40,10.36,scattered clouds
220,San Cristobal,VE,7.7669,-72.225,77.18,86,97,2.73,overcast clouds
221,Dolores,AR,-36.3132,-57.6792,43.11,93,100,17.22,moderate rain
222,Awbari,LY,26.5921,12.7805,97.05,8,0,6.02,clear sky
223,Magadan,RU,59.5667,150.8,54.1,72,10,5.3,clear sky
224,Lagoa,PT,39.05,-27.9833,72.05,86,57,21.68,broken clouds
225,Yar-Sale,RU,66.8333,70.8333,54.16,65,99,17.49,overcast clouds
226,Atikokan,CA,48.7555,-91.6216,79.05,52,67,5.01,broken clouds
227,Sola,VU,-13.8833,167.55,75.38,89,100,21.34,heavy intensity rain
228,Bend,US,44.0582,-121.3153,73.33,31,1,5.01,clear sky
229,New Norfolk,AU,-42.7826,147.0587,42.3,85,28,3.0,scattered clouds
230,Chauk,MM,20.8833,94.8167,80.53,79,100,10.8,overcast clouds
231,Ribeira Grande,PT,38.5167,-28.7,77.4,69,75,12.66,broken clouds
232,Fuyang,CN,32.9,115.8167,77.05,83,100,3.27,moderate rain
233,Dakar,SN,14.6937,-17.4441,83.28,77,19,11.48,few clouds
234,Santa Isabel Do Rio Negro,BR,-0.4139,-65.0192,76.23,89,100,0.13,overcast clouds
235,Buraydah,SA,26.326,43.975,97.16,12,100,10.33,overcast clouds
236,Egvekinot,RU,66.3167,-179.1667,42.33,61,40,12.59,scattered clouds
237,Baghdad,IQ,33.3406,44.4009,94.91,18,0,3.44,clear sky
238,Sale,MA,34.0389,-6.8166,72.28,78,75,9.22,broken clouds
239,Tonj,SS,7.2737,28.6822,71.53,93,100,1.54,light rain
240,Altinopolis,BR,-21.0256,-47.3739,76.35,26,51,6.06,broken clouds
241,Bitung,ID,1.4451,125.1824,74.25,85,77,7.87,broken clouds
242,Nisia Floresta,BR,-6.0911,-35.2086,81.41,60,31,15.93,scattered clouds
243,Kamloops,CA,50.6665,-120.3192,66.58,61,95,8.01,overcast clouds
244,Pierre,US,44.3683,-100.351,92.32,33,1,0.0,clear sky
245,Les Cayes,HT,18.2,-73.75,87.15,61,75,10.0,broken clouds
246,Alihe,CN,50.5667,123.7167,60.67,98,100,4.83,overcast clouds
247,Taoudenni,ML,22.6783,-3.9836,109.62,7,11,14.36,few clouds
248,Nushki,PK,29.5542,66.0215,86.54,10,0,5.7,clear sky
249,Severo-Kurilsk,RU,50.6789,156.125,53.08,85,12,11.56,few clouds
250,Licata,IT,37.1071,13.9461,90.07,74,0,4.81,clear sky
251,Beringovskiy,RU,63.05,179.3167,43.47,88,100,21.65,light rain
252,Poiares,PT,40.2103,-8.2575,74.35,58,0,6.24,clear sky
253,Portmore,JM,17.9702,-76.8672,89.56,69,40,14.97,scattered clouds
254,Airai,TL,-8.9266,125.4092,54.16,88,33,1.43,scattered clouds
255,Adrar,MR,20.5022,-10.0711,97.23,12,10,11.74,clear sky
256,Benguela,AO,-12.5763,13.4055,72.75,85,79,6.51,broken clouds
257,Perth,AU,-31.9333,115.8333,59.18,93,75,17.27,broken clouds
258,Taldan,RU,53.6667,124.8,52.09,85,100,8.14,overcast clouds
259,San Patricio,US,28.017,-97.5169,95.41,50,29,20.02,scattered clouds
260,Lavrentiya,RU,65.5833,-171.0,43.97,81,87,13.27,overcast clouds
261,Puerto Padre,CU,21.195,-76.6028,96.01,54,38,12.75,scattered clouds
262,Mwinilunga,ZM,-11.7358,24.4293,64.15,29,2,5.41,clear sky
263,Hearst,CA,49.6835,-83.6665,77.83,52,93,10.45,overcast clouds
264,Tiksi,RU,71.6872,128.8694,45.59,85,22,4.25,few clouds
265,Severo-Yeniseyskiy,RU,60.3725,93.0408,54.82,77,100,3.85,overcast clouds
266,Namatanai,PG,-3.6667,152.4333,77.58,82,98,6.29,light rain
267,Jalalabad,AF,34.4265,70.4515,88.39,42,0,4.18,clear sky
268,Nouadhibou,MR,20.931,-17.0347,71.58,83,4,17.27,clear sky
269,Lorengau,PG,-2.0226,147.2712,79.86,80,75,7.76,broken clouds
270,Arona,ES,28.0996,-16.681,68.99,71,75,5.99,broken clouds
271,Butaritari,KI,3.0707,172.7902,82.76,64,23,10.13,few clouds
272,Shubarshi,KZ,48.5872,57.1869,75.54,33,5,7.63,clear sky
273,Christchurch,NZ,-43.5333,172.6333,37.99,79,75,1.99,light rain and snow
274,Codrington,AU,-38.2667,141.9667,45.01,75,100,9.44,overcast clouds
275,Neuquen,AR,-38.9516,-68.0591,53.49,40,0,3.44,clear sky
276,Isangel,VU,-19.55,169.2667,68.9,78,100,13.73,overcast clouds
277,Malinovoye Ozero,RU,51.6753,79.7825,64.36,77,78,7.09,broken clouds
278,Machilipatnam,IN,16.1667,81.1333,84.83,78,49,8.01,scattered clouds
279,Maragogi,BR,-9.0122,-35.2225,75.11,81,85,11.25,overcast clouds
280,Half Moon Bay,US,37.4636,-122.4286,89.82,69,1,1.99,clear sky
281,Kuandian,CN,40.7286,124.7847,67.75,88,4,2.39,clear sky
282,El Cobre,CU,20.0489,-75.9469,89.04,66,40,11.5,scattered clouds
283,Balsas,BR,-7.5325,-46.0356,95.2,21,2,6.93,clear sky
284,Fort Smith,US,35.3859,-94.3986,92.37,62,1,1.99,clear sky
285,Pacific Grove,US,36.6177,-121.9166,85.01,77,1,8.01,clear sky
286,Maniitsoq,GL,65.4167,-52.9,41.79,85,42,2.86,scattered clouds
287,Bilibino,RU,68.0546,166.4372,47.84,48,88,2.3,overcast clouds
288,Lyngseidet,NO,69.5763,20.2189,69.8,64,76,12.12,broken clouds
289,Colares,PT,38.7992,-9.4469,70.79,56,20,24.16,few clouds
290,Marzuq,YE,14.4,46.4667,88.56,26,99,7.14,overcast clouds
291,Riyadh,SA,24.6877,46.7219,100.54,12,14,11.68,few clouds
292,Pinega,RU,64.7001,43.3936,57.29,70,100,4.99,light rain
293,Bongandanga,CD,1.5,21.05,70.16,92,54,2.77,light rain
294,Tommot,RU,58.9564,126.2925,56.39,93,10,2.82,clear sky
295,Ostrovnoy,RU,68.0531,39.5131,52.07,73,0,10.69,clear sky
296,Turukhansk,RU,65.8167,87.9833,56.16,64,24,8.32,few clouds
297,Los Llanos De Aridane,ES,28.6585,-17.9182,71.35,95,75,9.22,broken clouds
298,Kaunas,LT,54.9,23.9,64.58,82,75,4.61,broken clouds
299,Saldanha,ZA,-33.0117,17.9442,57.74,85,100,20.24,light rain
300,Kununurra,AU,-15.7667,128.7333,53.58,76,0,3.44,clear sky
301,Ikom,NG,5.9667,8.7063,72.52,97,100,3.4,light rain
302,Cacu,BR,-18.5567,-51.1308,86.92,21,6,6.78,clear sky
303,Lata,PT,40.1629,-8.3327,74.05,59,0,6.67,clear sky
304,Jumla,NP,29.2747,82.1838,63.09,98,100,1.57,overcast clouds
305,Timbiqui,CO,2.7717,-77.6654,82.2,71,81,7.83,light rain
306,La Ronge,CA,55.1001,-105.2842,60.58,75,70,11.95,broken clouds
307,Benito Juarez,MX,19.385,-99.165,73.22,43,75,4.61,broken clouds
308,Fenoarivo Atsinanana,MG,-17.3667,49.4167,66.87,87,24,3.62,few clouds
309,Hobyo,SO,5.3505,48.5268,76.96,86,83,25.72,broken clouds
310,Butembo,CD,0.15,29.2833,57.04,97,12,1.97,few clouds
311,Seminole,US,28.7086,-81.2081,99.14,62,20,3.0,few clouds
312,Kishtwar,IN,33.3167,75.7667,65.43,91,16,3.58,few clouds
313,Gizo,SB,-8.103,156.8419,80.46,73,30,3.83,scattered clouds
314,Fairbanks,US,64.8378,-147.7164,63.1,79,90,5.75,overcast clouds
315,Baiyin,CN,36.5583,104.2081,63.48,57,10,1.83,clear sky
316,Thompson,CA,55.7435,-97.8558,64.56,94,90,8.05,mist
317,Toora-Khem,RU,52.4675,96.11,52.02,93,4,1.83,clear sky
318,Dharchula,IN,29.85,80.5333,73.49,95,100,0.94,overcast clouds
319,Caravelas,BR,-17.7125,-39.2481,73.65,68,0,8.34,clear sky
320,Biltine,TD,14.5333,20.9167,77.49,75,100,13.89,overcast clouds
321,Mananara,MG,-16.1667,49.7667,65.3,91,36,4.38,scattered clouds
322,Elat,IL,29.5581,34.9482,98.44,25,0,12.66,clear sky
323,Ahuimanu,US,21.4447,-157.8378,82.11,64,40,12.66,scattered clouds
324,Faanui,PF,-16.4833,-151.75,78.91,74,9,13.69,clear sky
325,Naze,JP,28.3667,129.4833,77.67,88,4,13.49,clear sky
326,Camopi,GF,3.1655,-52.3158,81.99,69,100,2.13,overcast clouds
327,Cavalcante,BR,-13.7975,-47.4583,81.16,26,0,7.4,clear sky
328,Dalbandin,PK,28.8947,64.4101,89.74,11,0,7.07,clear sky
329,Henties Bay,NA,-22.116,14.2845,56.86,92,55,12.17,broken clouds
330,Canico,PT,32.6333,-16.85,75.0,78,40,9.22,scattered clouds
331,Waingapu,ID,-9.6567,120.2641,72.81,80,59,7.9,broken clouds
332,Puerto Carreno,CO,6.189,-67.4859,86.47,62,37,2.42,scattered clouds
333,Belaya Gora,RU,68.5333,146.4167,55.27,56,85,3.13,overcast clouds
334,Dunedin,NZ,-45.8742,170.5036,36.81,83,99,5.01,overcast clouds
335,Katangli,RU,51.7102,143.2326,50.02,93,100,5.19,overcast clouds
336,Yenagoa,NG,4.9247,6.2642,73.35,94,100,6.29,overcast clouds
337,Krasnokamensk,RU,50.0979,118.0369,62.38,82,100,2.77,light rain
338,Kaele,CM,10.1092,14.4508,73.72,87,42,5.46,scattered clouds
339,Clyde River,CA,70.4692,-68.5914,52.03,66,75,12.66,broken clouds
340,Port Lincoln,AU,-34.7333,135.8667,54.19,57,87,13.06,overcast clouds
341,Narasannapeta,IN,18.4167,84.05,83.16,82,98,7.61,overcast clouds
342,Carora,VE,10.1755,-70.0827,92.95,34,89,1.7,overcast clouds
343,Boffa,GN,10.1667,-14.0333,76.23,89,100,4.85,moderate rain
344,Balkhash,KZ,46.844,74.9804,74.55,47,63,18.88,broken clouds
345,Awjilah,LY,29.1081,21.2869,91.89,18,0,9.64,clear sky
346,East Longmeadow,US,42.0645,-72.5126,87.91,57,75,1.01,broken clouds
347,Hambantota,LK,6.1241,81.1185,78.8,83,83,17.67,broken clouds
348,Cairns,AU,-16.9167,145.7667,69.75,84,75,10.36,broken clouds
349,East Moline,US,41.5009,-90.4443,85.8,67,20,16.11,few clouds
350,Bairiki,KI,1.3292,172.9752,80.6,74,20,4.61,few clouds
351,Kaoma,ZM,-14.7833,24.8,61.84,31,0,5.37,clear sky
352,Satuk,TR,41.2263,32.3836,65.57,97,96,2.06,overcast clouds
353,Dali,CN,25.7,100.1833,65.25,95,100,4.54,overcast clouds
354,Santa Maria,BR,-29.6842,-53.8069,81.37,47,0,6.17,clear sky
355,Port Augusta,AU,-32.5,137.7667,42.71,66,0,4.7,clear sky
356,Never,FR,46.9896,3.159,66.65,67,100,3.56,overcast clouds
357,Tondano,ID,1.3038,124.9112,66.29,91,100,1.79,overcast clouds
358,Surami,GE,42.0243,43.5556,65.82,93,44,3.24,scattered clouds
359,Doha,QA,25.2867,51.5333,95.31,75,4,5.75,clear sky
360,Alghero,IT,40.5589,8.3181,77.09,65,0,6.91,clear sky
361,Vostok,RU,46.4856,135.8833,52.0,93,100,4.63,overcast clouds
362,San Quintin,MX,30.4833,-115.95,73.4,66,8,9.84,clear sky
363,Kieta,PG,-6.2167,155.6333,76.96,82,43,2.62,scattered clouds
364,Kalabagh,PK,32.965,71.557,95.32,37,5,8.43,clear sky
365,Kruisfontein,ZA,-34.0033,24.7314,56.88,87,100,5.21,overcast clouds
366,Yeppoon,AU,-23.1333,150.7333,55.18,84,45,10.25,scattered clouds
367,Nyurba,RU,63.2842,118.3319,59.58,98,42,0.89,scattered clouds
368,Haines Junction,CA,60.7522,-137.5108,62.55,59,100,1.14,overcast clouds
369,Bijela,BA,43.6086,17.9519,79.5,49,0,4.21,clear sky
370,Sterling,US,39.0062,-77.4286,92.77,47,20,1.99,few clouds
371,Valparaiso,CL,-33.0393,-71.6273,60.44,67,75,4.61,broken clouds
372,Jamsa,FI,61.8642,25.19,64.29,79,100,3.31,overcast clouds
373,Gigmoto,PH,13.7796,124.39,80.37,85,100,3.51,overcast clouds
374,Hervey Bay,AU,-25.2986,152.8535,56.03,81,83,9.86,light rain
375,Tahta,EG,26.7693,31.5021,95.32,18,0,11.23,clear sky
376,Fort Nelson,CA,58.8053,-122.7002,68.77,53,76,1.43,broken clouds
377,Tshikapa,CD,-6.4167,20.8,81.16,30,73,1.52,broken clouds
378,Nguruka,TZ,-5.1092,31.0419,78.37,32,100,3.13,overcast clouds
379,Fayetteville,US,35.0527,-78.8784,92.34,55,75,1.99,broken clouds
380,Asau,RO,46.4333,26.4,71.4,68,1,3.09,clear sky
381,Venado Tuerto,AR,-33.7456,-61.9688,51.42,89,100,14.34,overcast clouds
382,Yellowknife,CA,62.456,-114.3525,53.44,46,74,9.48,broken clouds
383,Vila Franca Do Campo,PT,37.7167,-25.4333,73.81,78,52,10.38,broken clouds
384,Ha Giang,VN,22.8333,104.9833,80.08,97,100,1.81,overcast clouds
385,Usinsk,RU,65.9939,57.5281,49.73,91,92,7.65,overcast clouds
386,San Luis,AR,-33.295,-66.3356,43.84,63,100,17.36,overcast clouds
387,Nchelenge,ZM,-9.3451,28.734,69.78,41,0,5.46,clear sky
388,Karawang,ID,-6.3042,107.3079,75.13,92,14,4.72,few clouds
389,Necochea,AR,-38.5473,-58.7368,53.04,48,100,8.19,overcast clouds
390,Sorland,NO,67.667,12.6934,62.67,75,100,17.02,overcast clouds
391,Saint-Francois,FR,46.4154,3.9054,64.18,75,75,9.22,broken clouds
392,Tyret Pervaya,RU,53.6703,102.3106,52.09,62,17,1.43,few clouds
393,Santander,ES,43.4647,-3.8044,66.45,76,75,3.0,broken clouds
394,Arauca,CO,7.0847,-70.7591,85.19,67,100,1.57,overcast clouds
395,Vilhena,BR,-12.7406,-60.1458,92.07,22,5,4.21,clear sky
396,Svarstad,NO,59.399,9.9698,66.81,78,57,3.02,broken clouds
397,Coahuayana,MX,18.7333,-103.6833,89.08,52,22,4.97,few clouds
398,Yerbogachen,RU,61.2767,108.0108,49.64,60,5,1.68,clear sky
399,Tiarei,PF,-17.5333,-149.3333,80.62,75,21,11.23,few clouds
400,Deputatskiy,RU,69.3,139.9,51.21,74,80,2.39,broken clouds
401,Barinas,VE,8.6226,-70.2075,83.89,100,100,2.3,overcast clouds
402,Kutum,SD,14.2,24.6667,71.98,68,15,11.56,few clouds
403,Ust-Kuyga,RU,70.0167,135.6,62.73,49,24,4.68,few clouds
404,Filadelfia,US,39.9523,-75.1638,87.24,66,90,1.01,overcast clouds
405,Gambela,ET,8.25,34.5833,72.3,88,100,1.66,overcast clouds
406,Zhezkazgan,KZ,47.8043,67.7144,72.03,31,0,17.83,clear sky
407,Oksfjord,NO,70.2396,22.3479,70.72,59,96,8.16,overcast clouds
408,Shellbrook,CA,53.2168,-106.4011,65.43,45,80,16.82,broken clouds
409,Constitucion,CL,-35.3333,-72.4167,53.47,55,100,4.29,overcast clouds
410,Paraiso,CR,9.8383,-83.8656,70.66,84,98,2.93,overcast clouds
411,Aswan,EG,24.0934,32.907,103.3,13,0,5.75,clear sky
412,Teruel,ES,40.6667,-0.6667,64.36,73,34,7.18,scattered clouds
413,Dunmore East,IE,52.1514,-6.9861,60.64,73,40,3.44,light rain
414,Abu Dhabi,AE,24.4667,54.3667,96.91,75,0,9.22,clear sky
415,Skjervoy,NO,70.0311,20.9714,69.8,64,13,17.52,few clouds
416,Paso De Patria,AR,-27.2454,-58.5454,92.07,22,29,12.8,light rain
417,Merauke,ID,-8.4667,140.3333,75.25,89,88,11.83,overcast clouds
418,Touros,BR,-5.1989,-35.4608,81.5,64,59,19.51,broken clouds
419,Betma,IN,22.6833,75.6167,74.39,91,100,4.52,overcast clouds
420,Westport,US,41.1415,-73.3579,82.9,86,90,1.01,light rain
421,Taltal,CL,-25.4,-70.4833,59.23,63,80,7.92,broken clouds
422,Hermosillo,MX,29.0667,-110.9667,92.28,89,90,5.75,overcast clouds
423,Castlebar,IE,53.85,-9.3,58.55,79,33,9.64,scattered clouds
424,Astoria,US,46.1879,-123.8313,69.08,72,20,5.01,few clouds
425,Vilyuysk,RU,63.7553,121.6247,68.56,63,100,5.21,overcast clouds
426,Alugan,PH,12.2188,125.4808,78.1,88,100,5.21,overcast clouds
427,Vitim,RU,59.4511,112.5578,53.44,97,100,1.86,moderate rain
428,Kampala,UG,0.3163,32.5822,70.99,72,91,3.18,overcast clouds
429,Alekseyevka,RU,50.6309,38.6903,84.22,23,100,14.12,light rain
430,Mwene-Ditu,CD,-7.0,23.45,78.15,23,99,1.1,overcast clouds
431,La Asuncion,VE,11.0333,-63.8628,84.25,68,40,9.26,scattered clouds
432,Vestmanna,FO,62.1564,-7.1664,50.92,93,90,10.36,overcast clouds
433,Kavaratti,IN,10.5669,72.642,80.65,81,100,18.61,light rain
434,Acari,PE,-15.4311,-74.6158,70.65,60,48,9.86,scattered clouds
435,Oistins,BB,13.0667,-59.5333,87.89,66,20,21.85,few clouds
436,Beoumi,CI,7.6736,-5.5764,80.38,74,88,1.5,overcast clouds
437,Prince George,CA,53.9166,-122.753,69.26,51,24,2.82,few clouds
438,Farsund,NO,58.0948,6.8047,63.95,84,100,7.74,overcast clouds
439,Cockburn Town,TC,21.4612,-71.1419,85.96,66,40,12.66,scattered clouds
440,Marsh Harbour,BS,26.5412,-77.0636,83.88,70,29,8.5,scattered clouds
441,Senneterre,CA,48.3835,-77.2328,71.82,49,100,7.61,overcast clouds
442,Talnakh,RU,69.4865,88.3972,58.15,59,2,1.61,clear sky
443,Brylivka,UA,46.4248,33.1472,73.71,48,100,12.24,overcast clouds
444,Pizhma,RU,57.8642,47.1171,64.22,84,100,6.08,overcast clouds
445,Kupang,ID,-10.1667,123.5833,74.14,75,5,8.9,clear sky
446,Mut,TR,36.6439,33.4389,78.55,50,0,11.36,clear sky
447,Ginir,ET,7.1333,40.7,62.17,75,51,5.06,broken clouds
448,Abalak,RU,58.1286,68.5944,63.3,91,50,4.9,scattered clouds
449,Abancay,PE,-13.6339,-72.8814,77.23,21,2,7.87,clear sky
450,Moose Factory,CA,51.2585,-80.6094,75.2,41,1,16.11,clear sky
451,Katherine,AU,-14.4667,132.2667,55.72,62,5,5.75,clear sky
452,Gat,IL,31.61,34.7642,82.81,74,0,3.89,clear sky
453,Puerto Escondido,MX,15.85,-97.0667,88.63,58,40,12.66,scattered clouds
454,Beyneu,KZ,45.3167,55.2,92.44,16,1,11.45,clear sky
455,Aksha,RU,50.2814,113.2867,55.67,85,100,3.31,overcast clouds
456,Auki,SB,-8.7676,160.7034,75.72,89,51,4.45,broken clouds
457,Leningradskiy,RU,69.3833,178.4167,38.82,77,65,16.13,broken clouds
458,Saint-Doulchard,FR,47.1037,2.352,65.53,52,100,8.34,overcast clouds
459,Worthington,US,40.0931,-83.018,90.01,59,20,1.01,few clouds
460,Ancud,CL,-41.8697,-73.8203,54.43,62,5,3.94,clear sky
461,Dawei,MM,14.0833,98.2,77.43,94,100,0.47,overcast clouds
462,Burla,IN,21.5,83.8667,81.5,77,100,2.71,overcast clouds
463,Ravar,IR,31.2656,56.8055,85.59,12,0,7.07,clear sky
464,Balyaga,RU,51.1507,108.921,49.17,95,27,2.51,scattered clouds
465,Faya,SA,18.3851,42.4509,73.51,62,34,3.11,scattered clouds
466,Iranshahr,IR,27.2025,60.6848,102.54,10,0,11.5,clear sky
467,Srikakulam,IN,18.3,83.9,83.59,80,99,8.86,overcast clouds
468,Namibe,AO,-15.1961,12.1522,65.25,79,70,9.86,broken clouds
469,Carberry,CA,49.8689,-99.3602,91.63,15,0,16.44,clear sky
470,Chara,RU,56.9064,118.2631,59.9,81,100,0.83,overcast clouds
471,Kholmy,UA,51.871,32.6006,65.82,76,3,4.63,clear sky
472,Guadix,ES,37.2993,-3.1392,85.35,39,0,3.24,clear sky
473,Suez,EG,29.9737,32.5263,82.96,62,0,13.76,clear sky
474,Kumluca,TR,36.3703,30.2869,85.15,51,0,6.06,clear sky
475,Bandarbeyla,SO,9.4942,50.8122,76.23,85,99,31.94,overcast clouds
476,Acapulco,MX,16.8634,-99.8901,82.22,78,75,10.36,broken clouds
477,Bukama,CD,-9.2,25.85,76.51,25,5,1.03,clear sky
478,Kanker,IN,20.2719,81.4931,76.59,81,100,4.99,overcast clouds
479,Guerrero Negro,MX,27.9769,-114.0611,78.78,60,5,12.12,clear sky
480,Ewa Beach,US,21.3156,-158.0072,82.35,58,75,8.05,broken clouds
481,Tazmalt,DZ,36.3868,4.3989,86.77,46,36,6.58,scattered clouds
482,Palmer,US,42.1584,-72.3287,87.76,53,75,1.01,broken clouds
483,Salalah,OM,17.0151,54.0924,77.09,100,90,4.61,light intensity drizzle
484,Udachnyy,RU,66.4167,112.4,48.78,90,12,3.27,few clouds
485,Sucua,EC,-2.4667,-78.1667,84.94,54,40,4.61,scattered clouds
486,Show Low,US,34.2542,-110.0298,88.3,22,1,6.91,clear sky
487,Tabou,CI,4.423,-7.3528,76.78,83,20,11.59,few clouds
488,Lakselv,NO,70.0513,24.9718,69.62,45,0,8.05,clear sky
489,Marfino,RU,55.7028,37.3822,70.88,94,20,0.0,few clouds
490,Diego De Almagro,CL,-26.3667,-70.05,63.55,26,40,7.18,scattered clouds
491,Bud,US,39.447,-86.1758,89.04,63,99,8.52,overcast clouds
492,Hakodate,JP,41.7758,140.7367,72.72,92,100,15.55,overcast clouds
493,De Aar,ZA,-30.6497,24.0123,57.78,28,9,9.57,clear sky
494,Flinders,AU,-34.5833,150.8552,50.2,83,100,1.01,overcast clouds
495,Cayenne,GF,4.9333,-52.3333,86.09,77,75,4.0,broken clouds
496,Qaqortoq,GL,60.7167,-46.0333,52.3,76,8,17.36,clear sky
497,Aktash,RU,50.3,87.7333,45.46,71,17,1.39,few clouds
498,Saint Cloud,US,45.5608,-94.1625,75.61,69,90,11.5,overcast clouds
499,Buin,CL,-33.7333,-70.75,55.72,79,100,1.34,overcast clouds
500,Kitimat,CA,54.0524,-128.6534,67.91,72,97,3.13,overcast clouds
501,Oriximina,BR,-1.7656,-55.8661,91.38,42,75,6.93,broken clouds
502,Santa Cruz Del Sur,CU,20.7147,-77.9956,89.53,53,44,7.0,heavy intensity rain
503,Brazzaville,CG,-4.2658,15.2832,81.57,41,4,5.86,clear sky
504,Freeport,US,40.6576,-73.5832,79.88,86,75,12.66,moderate rain
505,Parkes,AU,-33.1333,148.1833,49.86,74,100,7.29,overcast clouds
506,Bengkulu,ID,-3.8004,102.2655,76.41,91,42,5.14,scattered clouds
507,Grafton,US,42.207,-71.6856,84.51,69,1,6.91,clear sky
508,Boa Vista,BR,2.8197,-60.6733,84.18,70,75,5.75,broken clouds
509,Dedza,MW,-14.3779,34.3332,56.7,54,0,2.86,clear sky
510,Matam,SN,15.6175,-13.3303,92.44,46,98,11.74,overcast clouds
511,Boende,CD,-0.2167,20.8667,76.41,67,72,2.62,broken clouds
512,Carauari,BR,-4.8828,-66.8958,90.12,44,81,2.51,broken clouds
513,Whitehorse,CA,60.7161,-135.0538,63.37,55,75,14.97,broken clouds
514,San Policarpo,PH,12.1791,125.5072,78.33,87,100,5.26,overcast clouds
515,Port Hardy,CA,50.6996,-127.4199,61.09,81,57,8.79,broken clouds
516,Nikolayevsk-Na-Amure,RU,53.1406,140.73,45.86,96,82,1.61,broken clouds
517,Santa Cruz,BO,-17.8,-63.1667,90.86,33,20,29.93,few clouds
518,Kambove,CD,-10.8764,26.5969,63.88,31,0,4.25,clear sky
519,Bereda,ES,43.2686,-7.5406,64.42,82,100,4.7,overcast clouds
520,Kysyl-Syr,RU,63.8986,122.7617,69.24,56,100,7.25,overcast clouds
521,Umm Kaddadah,SD,13.6017,26.6876,86.47,43,63,10.49,broken clouds
522,Izumo,JP,35.3667,132.7667,78.75,98,100,23.06,heavy intensity rain
523,Talcahuano,CL,-36.7167,-73.1167,55.08,54,0,4.61,clear sky
524,Wajima,JP,37.4,136.9,82.13,84,100,12.84,overcast clouds
525,Royal Leamington Spa,GB,52.3,-1.5333,64.72,71,1,11.99,clear sky
526,Ghugus,IN,19.9333,79.1333,82.71,73,100,2.91,overcast clouds
527,Kropotkin,RU,45.4375,40.5756,75.56,69,100,7.85,light rain
528,Marinette,US,45.1,-87.6307,81.3,88,90,11.5,overcast clouds
529,Portland,US,45.5234,-122.6762,74.52,53,75,1.01,broken clouds
530,Mbour,SN,14.422,-16.9638,84.29,73,25,12.19,scattered clouds
531,Hofn,IS,64.2539,-15.2082,57.11,73,3,5.06,clear sky
532,Luorong,CN,24.4058,109.6086,79.74,92,100,2.82,overcast clouds
533,Jalu,LY,29.0331,21.5482,92.12,18,0,9.89,clear sky
534,Kiruna,SE,67.8557,20.2251,52.72,100,90,11.5,drizzle
535,Nouakchott,MR,18.0858,-15.9785,78.73,77,3,15.68,clear sky
536,Glendive,US,47.1053,-104.7125,100.53,21,1,10.36,clear sky
537,Te Anau,NZ,-45.4167,167.7167,31.32,96,96,1.25,light snow
538,Pangnirtung,CA,66.1451,-65.7125,46.4,81,90,14.97,overcast clouds
539,Ulaangom,MN,49.9811,92.0667,60.21,66,100,3.67,overcast clouds
540,Marietta,US,33.9526,-84.5499,90.9,58,75,3.44,broken clouds
541,Sechura,PE,-5.5569,-80.8222,77.41,52,6,14.32,clear sky
542,Comodoro Rivadavia,AR,-45.8667,-67.5,51.66,32,20,8.05,few clouds
543,Jaguey Grande,CU,22.5269,-81.1286,90.25,42,2,5.44,clear sky
544,Mount Isa,AU,-20.7333,139.5,44.37,53,0,3.44,clear sky
545,Komsomolskiy,UZ,40.4272,71.7189,81.32,36,0,4.61,clear sky
546,Tura,IN,25.5198,90.2201,75.27,97,94,6.02,overcast clouds
547,Hasaki,JP,35.7333,140.8333,77.4,91,100,15.68,overcast clouds
548,Manhattan,US,40.7834,-73.9662,82.63,68,75,11.5,broken clouds
549,Tornio,FI,65.8481,24.1466,59.02,94,100,17.58,overcast clouds
550,Tenenkou,ML,14.4572,-4.9169,88.29,48,98,2.01,overcast clouds
551,Scottsbluff,US,41.8666,-103.6672,95.77,22,1,4.0,haze
552,Turan,VN,16.0678,108.2208,89.65,74,20,0.0,few clouds
553,Sioux Lookout,CA,50.1001,-91.917,69.87,78,90,9.22,smoke
554,Narsaq,GL,60.9167,-46.05,52.02,63,10,12.08,clear sky
555,Dvinskoy,RU,62.1535,45.1175,53.04,96,100,10.2,light rain
556,Alice Springs,AU,-23.7,133.8833,35.15,48,0,2.3,clear sky
557,Havre-Saint-Pierre,CA,50.2334,-63.5986,66.56,45,1,17.27,clear sky
558,Meadow Lake,US,34.8014,-106.5436,91.81,12,0,7.67,clear sky
559,Zavodouspenskoye,RU,56.8626,65.0155,59.22,96,27,4.72,scattered clouds
560,Luwuk,ID,-0.9516,122.7875,75.27,89,100,4.21,overcast clouds
561,Tselinnoye,RU,53.0833,85.6667,63.27,67,14,6.15,few clouds
562,Terny,UA,50.9833,33.9833,69.62,69,0,8.9,clear sky
563,Bonthe,SL,7.5264,-12.505,78.87,73,100,11.01,overcast clouds
564,Sao Joao Da Barra,BR,-21.6403,-41.0511,75.29,72,81,15.21,broken clouds
565,Ariquemes,BR,-9.9133,-63.0408,99.84,19,3,2.73,clear sky
566,Rawson,AR,-43.3002,-65.1023,51.48,35,0,6.8,clear sky
567,Ucluelet,CA,48.9329,-125.5528,71.1,74,6,5.66,clear sky
568,Narbonne,FR,43.0833,2.8333,74.57,35,28,7.76,scattered clouds
569,Natuba,BR,-7.6414,-35.55,78.73,59,94,13.58,overcast clouds
570,Constantine,DZ,36.365,6.6147,83.61,44,20,8.05,few clouds
571,Bulaevo,KZ,54.9056,70.4439,61.61,97,99,4.12,overcast clouds
572,Ghanzi,BW,-21.5667,21.7833,62.22,22,0,6.11,clear sky
573,Safaga,EG,26.7292,33.9365,91.18,47,0,7.11,clear sky
574,Ixtapa,MX,20.7,-105.2,88.23,66,20,5.75,few clouds
575,Valentin Gomez Farias,MX,28.2167,-106.5833,82.62,35,99,4.61,overcast clouds
576,Luklukan,PH,14.3254,122.7124,78.94,88,100,6.71,overcast clouds
577,Drayton Valley,CA,53.2168,-114.9854,59.92,76,98,11.97,overcast clouds
578,Altamira,BR,-3.2033,-52.2064,91.49,52,40,5.75,scattered clouds
579,Ebeltoft,DK,56.1944,10.6821,62.62,85,40,2.3,scattered clouds
580,Taos,US,36.4072,-105.5731,84.54,18,1,1.99,clear sky
581,Chama,CH,47.1821,8.4636,64.44,79,75,3.44,broken clouds
582,Acurenam,GQ,1.0322,10.6488,67.6,98,62,3.15,broken clouds
583,Bosaso,SO,11.2842,49.1816,90.41,47,38,2.08,scattered clouds
584,Oskemen,KZ,49.9565,82.6119,66.16,63,75,6.71,broken clouds
585,Shelburne,CA,44.0787,-80.2041,77.76,69,100,9.48,light rain
586,Sorata,BO,-15.7667,-68.6333,56.57,56,4,9.95,clear sky
587,Verkhniy Mamon,RU,50.1635,40.3832,81.39,25,100,7.27,overcast clouds
588,Atambua,ID,-9.1061,124.8925,67.59,85,17,4.05,few clouds
589,Saint-Pierre,RE,-21.3393,55.4781,68.29,69,90,4.61,overcast clouds
590,Caceres,ES,39.522,-6.3748,81.55,18,0,5.77,clear sky
591,Ampanihy,MG,-24.7,44.75,64.27,76,0,7.4,clear sky
592,Batagay,RU,67.6333,134.6333,62.19,45,32,2.95,scattered clouds
593,Fez,MA,34.0372,-4.9998,80.85,41,0,11.5,clear sky
594,Hamirpur,IN,25.95,80.15,84.06,85,100,4.14,overcast clouds
595,Alyangula,AU,-13.8483,136.4192,68.79,85,4,8.52,clear sky
596,Mumford,GH,5.2618,-0.759,75.65,88,92,13.85,overcast clouds
597,Santa Lucia,ES,27.9117,-15.5407,69.12,57,20,21.85,few clouds
598,Vrangel,RU,42.7297,133.0839,67.24,86,100,7.47,overcast clouds
599,Boca Do Acre,BR,-8.7522,-67.3978,101.1,20,6,2.24,clear sky
600,Cap Malheureux,MU,-19.9842,57.6142,69.48,90,100,5.01,light rain
601,Mariental,NA,-24.6333,17.9667,65.62,21,55,10.8,broken clouds
602,Alofi,NU,-19.0595,-169.9187,75.09,83,100,9.22,overcast clouds
603,Samarai,PG,-10.6167,150.6667,77.43,79,94,15.5,overcast clouds
604,Ternate,ID,0.8,127.4,79.12,81,100,1.43,overcast clouds
605,Morro Bay,US,35.3658,-120.8499,91.38,62,28,8.99,scattered clouds
606,Belton,US,38.812,-94.5319,88.56,66,75,4.0,broken clouds
607,Metro,ID,-5.1131,105.3067,74.89,93,88,3.78,overcast clouds
608,Mangrol,IN,21.1167,70.1167,80.76,81,100,9.04,overcast clouds
609,Tubmanburg,LR,6.8708,-10.8172,75.52,87,99,5.19,overcast clouds
610,Takoradi,GH,4.8845,-1.7554,76.75,84,96,10.8,overcast clouds
611,Nanakuli,US,21.3906,-158.1547,82.35,59,75,8.05,broken clouds
612,Bouna,CI,9.2667,-3.0,76.32,84,100,4.56,overcast clouds
613,Sibolga,ID,1.7427,98.7792,75.74,92,57,3.85,broken clouds
614,Ajdabiya,LY,30.7554,20.2263,84.36,61,0,12.19,clear sky
615,Verkhnevilyuysk,RU,63.4453,120.3167,64.36,86,99,2.39,overcast clouds
616,Shache,CN,38.4167,77.2406,75.7,39,100,8.88,overcast clouds
617,Shitanjing,CN,39.2342,106.3439,72.1,39,0,8.39,clear sky
618,Plauen,DE,50.5,12.1333,61.52,76,3,8.3,clear sky
619,Ranong,TH,9.9658,98.6348,79.54,88,82,6.4,broken clouds
620,Marrakesh,MA,31.6315,-8.0083,84.27,39,0,14.97,clear sky
621,Nortelandia,BR,-14.4547,-56.8028,97.5,19,7,4.0,clear sky
622,Richards Bay,ZA,-28.783,32.0377,70.47,52,0,12.91,clear sky
623,Manzhouli,CN,49.6,117.4333,60.53,83,100,2.57,moderate rain
624,Gazli,UZ,40.1333,63.45,89.82,15,0,13.53,clear sky
625,Dixon,US,38.4455,-121.8233,93.18,37,1,6.91,clear sky
626,Griffith,US,41.5284,-87.4237,91.89,60,40,1.99,scattered clouds
627,Liwale,TZ,-9.7667,37.9333,69.15,49,20,1.36,few clouds
628,Cuautepec,MX,16.7,-99.0,86.09,61,28,6.55,scattered clouds
629,Tilichiki,RU,60.4667,166.1,47.84,71,89,7.81,overcast clouds
630,Rapar,IN,23.5667,70.6333,84.58,60,31,14.99,scattered clouds
631,Jamuria,IN,23.7,87.0833,83.07,78,98,4.94,overcast clouds
632,Mollendo,PE,-17.0231,-72.0147,60.8,82,99,11.43,overcast clouds
633,Pouebo,NC,-20.4,164.5667,62.46,80,82,5.73,broken clouds
634,Volovo,UA,48.5246,23.5056,67.03,69,35,4.25,scattered clouds
635,Palu,ID,-0.8917,119.8707,74.44,94,100,3.51,light rain
636,Magoula,GR,38.0833,23.5167,84.61,47,0,2.3,clear sky
637,Tagusao,PH,9.1924,117.8141,80.06,83,100,4.85,overcast clouds
638,Kohlu,PK,29.8962,69.252,86.2,38,90,6.96,overcast clouds
639,Yagoua,CM,10.3411,15.2329,73.71,88,98,3.83,light rain
640,Tucuman,AR,-26.8241,-65.2226,73.4,33,30,9.22,scattered clouds
641,Yining,CN,29.0361,114.5636,77.43,95,98,1.05,overcast clouds
642,Ekibastuz,KZ,51.6667,75.3667,63.84,76,69,10.85,broken clouds
643,Itarema,BR,-2.9248,-39.9167,83.16,64,0,21.21,clear sky
644,Hami,CN,42.8,93.45,82.8,16,100,9.13,overcast clouds
645,High Prairie,CA,55.4334,-116.4858,60.1,47,30,7.87,scattered clouds
646,Ferme-Neuve,CA,46.7001,-75.4493,74.98,64,100,5.41,overcast clouds
647,Ust-Nera,RU,64.5667,143.2,58.73,59,5,4.59,clear sky
648,Abu Samrah,SY,35.3029,37.1841,78.49,62,0,15.59,clear sky
649,San Martin,AR,-33.081,-68.4681,57.74,53,99,20.58,overcast clouds
650,Barranca,PE,-10.75,-77.7667,66.0,72,32,12.88,scattered clouds
651,Praia,CV,14.9215,-23.5087,82.94,74,40,9.22,scattered clouds
652,Khash,IR,28.2211,61.2158,82.92,13,0,2.48,clear sky
653,Havoysund,NO,70.9963,24.6622,70.68,59,47,9.53,scattered clouds
654,Diffa,NE,13.3154,12.6113,85.5,55,84,8.81,broken clouds
655,Jurado,CO,7.1053,-77.7641,82.29,76,71,7.2,light rain
656,Pundaguitan,PH,6.3711,126.1689,80.98,70,100,2.53,overcast clouds
657,Camana,PE,-16.6228,-72.7111,61.77,82,86,11.86,overcast clouds
658,Asuncion Mita,GT,14.3308,-89.7108,88.27,58,100,3.8,overcast clouds
659,Gimli,CA,50.6336,-96.9907,75.22,78,24,18.41,few clouds
660,Sakakah,SA,29.9697,40.2064,94.57,14,0,3.47,clear sky
661,Qasigiannguit,GL,68.8193,-51.1922,44.85,95,100,9.91,overcast clouds
662,Mayo,US,38.8876,-76.5119,93.22,66,1,5.99,clear sky
663,Contai,IN,21.7786,87.7536,82.98,85,33,11.86,scattered clouds
664,Beamsville,CA,43.1668,-79.4829,86.02,69,100,3.0,overcast clouds
665,Vila,PT,42.0304,-8.1588,62.71,66,100,4.0,overcast clouds
666,Shingu,JP,33.7333,135.9833,82.9,94,100,22.12,overcast clouds
667,Mehamn,NO,71.0357,27.8492,66.38,55,0,9.22,clear sky
668,Vila Velha,BR,-20.3297,-40.2925,73.35,73,40,6.91,scattered clouds
669,Kudahuvadhoo,MV,2.6708,72.8944,82.8,74,100,10.22,overcast clouds
670,Magistralnyy,RU,56.1725,107.4458,51.85,63,100,3.56,overcast clouds
671,Muzhi,RU,65.3667,64.6667,55.72,89,100,13.49,overcast clouds
672,Cabadiangan,PH,9.7531,122.4739,77.43,88,100,4.16,light rain
673,Ust-Koksa,RU,50.2696,85.6108,53.89,70,27,1.83,scattered clouds
674,Marsabit,KE,2.3284,37.9899,71.65,45,21,10.51,few clouds
675,Lewistown,US,40.5992,-77.5714,90.14,55,20,3.44,few clouds
676,Ladario,BR,-19.0047,-57.6017,95.29,24,0,13.8,clear sky
677,Aguimes,ES,27.9054,-15.4461,74.03,57,20,21.85,few clouds
678,Mirnyy,RU,62.5353,113.9611,52.38,93,65,1.1,broken clouds
679,Lillooet,CA,50.6856,-121.942,65.12,69,99,3.87,overcast clouds
680,Korla,CN,41.7597,86.1469,81.7,31,100,5.12,overcast clouds
681,Manakara,MG,-22.1333,48.0167,65.53,88,5,3.58,clear sky
682,Challapata,BO,-18.9,-66.7667,52.75,23,9,8.84,clear sky
683,Vestmannaeyjar,IS,63.4427,-20.2734,59.99,63,0,13.8,clear sky
684,Varhaug,NO,58.6147,5.6457,60.85,83,82,14.97,broken clouds
685,Dandong,CN,40.1292,124.3947,70.52,90,0,3.29,clear sky
686,Iberia,US,29.9502,-91.7507,91.98,70,1,12.66,clear sky
687,Pitimbu,BR,-7.4706,-34.8086,81.19,74,7,15.14,clear sky
688,Aklavik,CA,68.2191,-135.0107,53.6,66,40,3.44,scattered clouds
689,Sur,OM,22.5667,59.5289,88.86,58,6,13.24,clear sky
690,Zahir Pir,PK,28.8124,70.524,95.85,30,0,8.08,clear sky
691,Alamogordo,US,32.8995,-105.9603,94.96,24,1,4.61,clear sky
692,Delvada,IN,20.7667,71.0333,80.04,83,100,7.96,overcast clouds
693,Yokadouma,CM,3.5167,15.05,69.22,98,65,0.85,light rain
694,Dawson Creek,CA,55.7666,-120.2362,66.16,52,1,10.36,clear sky
695,Isla Vista,US,34.4133,-119.861,98.35,82,90,8.05,haze
696,Jablah,SY,35.3614,35.9256,79.09,78,20,6.91,few clouds
697,Kukes,AL,42.0769,20.4219,76.91,34,0,8.75,clear sky
698,Kuopio,FI,62.8924,27.677,64.35,94,75,9.22,broken clouds
699,Rio Grande,BR,-32.035,-52.0986,84.31,71,69,7.43,broken clouds
700,Decatur,US,39.8403,-88.9548,88.75,73,88,13.96,overcast clouds
701,Koshurnikovo,RU,54.1667,93.3,53.56,95,10,2.98,clear sky
702,Batagay-Alyta,RU,67.8006,130.4114,56.28,45,19,0.65,few clouds
703,Monrovia,LR,6.3005,-10.7969,80.37,77,23,11.97,few clouds
704,Gamba,GA,-2.65,10.0,72.61,83,9,5.59,clear sky
705,Nerchinskiy Zavod,RU,51.3088,119.61,59.09,93,100,1.61,overcast clouds
